ID,Name,Nexus_File,rooted,type,method,scaling,Source
summary,TREE1,summary.trees,true,summary,bayesian,centuries,Honkola2013
posterior-1,STATE_6417000,posterior.trees,true,sample,bayesian,centuries,Honkola2013
posterior-2,STATE_6607000,posterior.trees,true,sample,bayesian,centuries,Honkola2013
posterior-3,STATE_3068000,posterior.trees,true,sample,bayesian,centuries,Honkola2013
posterior-4,STATE_5394000,posterior.trees,true,sample,bayesian,centuries,Honkola2013
posterior-5,STATE_8635000,posterior.trees,true,sample,bayesian,centuries,Honkola2013
posterior-6,STATE_6067000,posterior.trees,true,sample,bayesian,centuries,Honkola2013
posterior-7,STATE_5141000,posterior.trees,true,sample,bayesian,centuries,Honkola2013
posterior-8,STATE_1874000,posterior.trees,true,sample,bayesian,centuries,Honkola2013
posterior-9,STATE_5929000,posterior.trees,true,sample,bayesian,centuries,Honkola2013
posterior-10,STATE_4301000,posterior.trees,true,sample,bayesian,centuries,Honkola2013
posterior-11,STATE_8798000,posterior.trees,true,sample,bayesian,centuries,Honkola2013
posterior-12,STATE_5093000,posterior.trees,true,sample,bayesian,centuries,Honkola2013
posterior-13,STATE_3876000,posterior.trees,true,sample,bayesian,centuries,Honkola2013
posterior-14,STATE_6819000,posterior.trees,true,sample,bayesian,centuries,Honkola2013
posterior-15,STATE_3731000,posterior.trees,true,sample,bayesian,centuries,Honkola2013
posterior-16,STATE_3004000,posterior.trees,true,sample,bayesian,centuries,Honkola2013
posterior-17,STATE_1848000,posterior.trees,true,sample,bayesian,centuries,Honkola2013
posterior-18,STATE_6151000,posterior.trees,true,sample,bayesian,centuries,Honkola2013
posterior-19,STATE_1617000,posterior.trees,true,sample,bayesian,centuries,Honkola2013
posterior-20,STATE_7454000,posterior.trees,true,sample,bayesian,centuries,Honkola2013
posterior-21,STATE_2668000,posterior.trees,true,sample,bayesian,centuries,Honkola2013
posterior-22,STATE_4263000,posterior.trees,true,sample,bayesian,centuries,Honkola2013
posterior-23,STATE_9148000,posterior.trees,true,sample,bayesian,centuries,Honkola2013
posterior-24,STATE_4221000,posterior.trees,true,sample,bayesian,centuries,Honkola2013
posterior-25,STATE_9773000,posterior.trees,true,sample,bayesian,centuries,Honkola2013
posterior-26,STATE_3369000,posterior.trees,true,sample,bayesian,centuries,Honkola2013
posterior-27,STATE_7554000,posterior.trees,true,sample,bayesian,centuries,Honkola2013
posterior-28,STATE_9217000,posterior.trees,true,sample,bayesian,centuries,Honkola2013
posterior-29,STATE_2247000,posterior.trees,true,sample,bayesian,centuries,Honkola2013
posterior-30,STATE_9685000,posterior.trees,true,sample,bayesian,centuries,Honkola2013
posterior-31,STATE_5586000,posterior.trees,true,sample,bayesian,centuries,Honkola2013
posterior-32,STATE_5959000,posterior.trees,true,sample,bayesian,centuries,Honkola2013
posterior-33,STATE_8708000,posterior.trees,true,sample,bayesian,centuries,Honkola2013
posterior-34,STATE_5510000,posterior.trees,true,sample,bayesian,centuries,Honkola2013
posterior-35,STATE_9293000,posterior.trees,true,sample,bayesian,centuries,Honkola2013
posterior-36,STATE_5188000,posterior.trees,true,sample,bayesian,centuries,Honkola2013
posterior-37,STATE_3119000,posterior.trees,true,sample,bayesian,centuries,Honkola2013
posterior-38,STATE_7172000,posterior.trees,true,sample,bayesian,centuries,Honkola2013
posterior-39,STATE_7142000,posterior.trees,true,sample,bayesian,centuries,Honkola2013
posterior-40,STATE_7841000,posterior.trees,true,sample,bayesian,centuries,Honkola2013
posterior-41,STATE_3087000,posterior.trees,true,sample,bayesian,centuries,Honkola2013
posterior-42,STATE_3666000,posterior.trees,true,sample,bayesian,centuries,Honkola2013
posterior-43,STATE_6943000,posterior.trees,true,sample,bayesian,centuries,Honkola2013
posterior-44,STATE_7365000,posterior.trees,true,sample,bayesian,centuries,Honkola2013
posterior-45,STATE_2554000,posterior.trees,true,sample,bayesian,centuries,Honkola2013
posterior-46,STATE_2627000,posterior.trees,true,sample,bayesian,centuries,Honkola2013
posterior-47,STATE_9656000,posterior.trees,true,sample,bayesian,centuries,Honkola2013
posterior-48,STATE_1560000,posterior.trees,true,sample,bayesian,centuries,Honkola2013
posterior-49,STATE_3542000,posterior.trees,true,sample,bayesian,centuries,Honkola2013
posterior-50,STATE_4686000,posterior.trees,true,sample,bayesian,centuries,Honkola2013
posterior-51,STATE_4035000,posterior.trees,true,sample,bayesian,centuries,Honkola2013
posterior-52,STATE_1655000,posterior.trees,true,sample,bayesian,centuries,Honkola2013
posterior-53,STATE_8895000,posterior.trees,true,sample,bayesian,centuries,Honkola2013
posterior-54,STATE_7533000,posterior.trees,true,sample,bayesian,centuries,Honkola2013
posterior-55,STATE_6698000,posterior.trees,true,sample,bayesian,centuries,Honkola2013
posterior-56,STATE_389000,posterior.trees,true,sample,bayesian,centuries,Honkola2013
posterior-57,STATE_9383000,posterior.trees,true,sample,bayesian,centuries,Honkola2013
posterior-58,STATE_325000,posterior.trees,true,sample,bayesian,centuries,Honkola2013
posterior-59,STATE_2205000,posterior.trees,true,sample,bayesian,centuries,Honkola2013
posterior-60,STATE_6282000,posterior.trees,true,sample,bayesian,centuries,Honkola2013
posterior-61,STATE_7611000,posterior.trees,true,sample,bayesian,centuries,Honkola2013
posterior-62,STATE_5258000,posterior.trees,true,sample,bayesian,centuries,Honkola2013
posterior-63,STATE_668000,posterior.trees,true,sample,bayesian,centuries,Honkola2013
posterior-64,STATE_8963000,posterior.trees,true,sample,bayesian,centuries,Honkola2013
posterior-65,STATE_3063000,posterior.trees,true,sample,bayesian,centuries,Honkola2013
posterior-66,STATE_7858000,posterior.trees,true,sample,bayesian,centuries,Honkola2013
posterior-67,STATE_9863000,posterior.trees,true,sample,bayesian,centuries,Honkola2013
posterior-68,STATE_2738000,posterior.trees,true,sample,bayesian,centuries,Honkola2013
posterior-69,STATE_8194000,posterior.trees,true,sample,bayesian,centuries,Honkola2013
posterior-70,STATE_8415000,posterior.trees,true,sample,bayesian,centuries,Honkola2013
posterior-71,STATE_7040000,posterior.trees,true,sample,bayesian,centuries,Honkola2013
posterior-72,STATE_6503000,posterior.trees,true,sample,bayesian,centuries,Honkola2013
posterior-73,STATE_4450000,posterior.trees,true,sample,bayesian,centuries,Honkola2013
posterior-74,STATE_9858000,posterior.trees,true,sample,bayesian,centuries,Honkola2013
posterior-75,STATE_5509000,posterior.trees,true,sample,bayesian,centuries,Honkola2013
posterior-76,STATE_5115000,posterior.trees,true,sample,bayesian,centuries,Honkola2013
posterior-77,STATE_7295000,posterior.trees,true,sample,bayesian,centuries,Honkola2013
posterior-78,STATE_2794000,posterior.trees,true,sample,bayesian,centuries,Honkola2013
posterior-79,STATE_4622000,posterior.trees,true,sample,bayesian,centuries,Honkola2013
posterior-80,STATE_3200000,posterior.trees,true,sample,bayesian,centuries,Honkola2013
posterior-81,STATE_4030000,posterior.trees,true,sample,bayesian,centuries,Honkola2013
posterior-82,STATE_8479000,posterior.trees,true,sample,bayesian,centuries,Honkola2013
posterior-83,STATE_955000,posterior.trees,true,sample,bayesian,centuries,Honkola2013
posterior-84,STATE_9806000,posterior.trees,true,sample,bayesian,centuries,Honkola2013
posterior-85,STATE_5930000,posterior.trees,true,sample,bayesian,centuries,Honkola2013
posterior-86,STATE_6665000,posterior.trees,true,sample,bayesian,centuries,Honkola2013
posterior-87,STATE_9197000,posterior.trees,true,sample,bayesian,centuries,Honkola2013
posterior-88,STATE_2289000,posterior.trees,true,sample,bayesian,centuries,Honkola2013
posterior-89,STATE_9758000,posterior.trees,true,sample,bayesian,centuries,Honkola2013
posterior-90,STATE_2562000,posterior.trees,true,sample,bayesian,centuries,Honkola2013
posterior-91,STATE_3265000,posterior.trees,true,sample,bayesian,centuries,Honkola2013
posterior-92,STATE_4607000,posterior.trees,true,sample,bayesian,centuries,Honkola2013
posterior-93,STATE_2566000,posterior.trees,true,sample,bayesian,centuries,Honkola2013
posterior-94,STATE_4531000,posterior.trees,true,sample,bayesian,centuries,Honkola2013
posterior-95,STATE_5449000,posterior.trees,true,sample,bayesian,centuries,Honkola2013
posterior-96,STATE_5602000,posterior.trees,true,sample,bayesian,centuries,Honkola2013
posterior-97,STATE_8834000,posterior.trees,true,sample,bayesian,centuries,Honkola2013
posterior-98,STATE_4486000,posterior.trees,true,sample,bayesian,centuries,Honkola2013
posterior-99,STATE_8057000,posterior.trees,true,sample,bayesian,centuries,Honkola2013
posterior-100,STATE_9584000,posterior.trees,true,sample,bayesian,centuries,Honkola2013
posterior-101,STATE_6796000,posterior.trees,true,sample,bayesian,centuries,Honkola2013
posterior-102,STATE_4075000,posterior.trees,true,sample,bayesian,centuries,Honkola2013
posterior-103,STATE_5471000,posterior.trees,true,sample,bayesian,centuries,Honkola2013
posterior-104,STATE_2020000,posterior.trees,true,sample,bayesian,centuries,Honkola2013
posterior-105,STATE_2177000,posterior.trees,true,sample,bayesian,centuries,Honkola2013
posterior-106,STATE_9327000,posterior.trees,true,sample,bayesian,centuries,Honkola2013
posterior-107,STATE_9667000,posterior.trees,true,sample,bayesian,centuries,Honkola2013
posterior-108,STATE_1732000,posterior.trees,true,sample,bayesian,centuries,Honkola2013
posterior-109,STATE_8321000,posterior.trees,true,sample,bayesian,centuries,Honkola2013
posterior-110,STATE_4452000,posterior.trees,true,sample,bayesian,centuries,Honkola2013
posterior-111,STATE_1642000,posterior.trees,true,sample,bayesian,centuries,Honkola2013
posterior-112,STATE_3531000,posterior.trees,true,sample,bayesian,centuries,Honkola2013
posterior-113,STATE_5545000,posterior.trees,true,sample,bayesian,centuries,Honkola2013
posterior-114,STATE_9505000,posterior.trees,true,sample,bayesian,centuries,Honkola2013
posterior-115,STATE_6689000,posterior.trees,true,sample,bayesian,centuries,Honkola2013
posterior-116,STATE_2432000,posterior.trees,true,sample,bayesian,centuries,Honkola2013
posterior-117,STATE_9493000,posterior.trees,true,sample,bayesian,centuries,Honkola2013
posterior-118,STATE_534000,posterior.trees,true,sample,bayesian,centuries,Honkola2013
posterior-119,STATE_1153000,posterior.trees,true,sample,bayesian,centuries,Honkola2013
posterior-120,STATE_5727000,posterior.trees,true,sample,bayesian,centuries,Honkola2013
posterior-121,STATE_8109000,posterior.trees,true,sample,bayesian,centuries,Honkola2013
posterior-122,STATE_5553000,posterior.trees,true,sample,bayesian,centuries,Honkola2013
posterior-123,STATE_1296000,posterior.trees,true,sample,bayesian,centuries,Honkola2013
posterior-124,STATE_899000,posterior.trees,true,sample,bayesian,centuries,Honkola2013
posterior-125,STATE_9180000,posterior.trees,true,sample,bayesian,centuries,Honkola2013
posterior-126,STATE_261000,posterior.trees,true,sample,bayesian,centuries,Honkola2013
posterior-127,STATE_3891000,posterior.trees,true,sample,bayesian,centuries,Honkola2013
posterior-128,STATE_2638000,posterior.trees,true,sample,bayesian,centuries,Honkola2013
posterior-129,STATE_7982000,posterior.trees,true,sample,bayesian,centuries,Honkola2013
posterior-130,STATE_6478000,posterior.trees,true,sample,bayesian,centuries,Honkola2013
posterior-131,STATE_5402000,posterior.trees,true,sample,bayesian,centuries,Honkola2013
posterior-132,STATE_3683000,posterior.trees,true,sample,bayesian,centuries,Honkola2013
posterior-133,STATE_4679000,posterior.trees,true,sample,bayesian,centuries,Honkola2013
posterior-134,STATE_9484000,posterior.trees,true,sample,bayesian,centuries,Honkola2013
posterior-135,STATE_934000,posterior.trees,true,sample,bayesian,centuries,Honkola2013
posterior-136,STATE_926000,posterior.trees,true,sample,bayesian,centuries,Honkola2013
posterior-137,STATE_7654000,posterior.trees,true,sample,bayesian,centuries,Honkola2013
posterior-138,STATE_5878000,posterior.trees,true,sample,bayesian,centuries,Honkola2013
posterior-139,STATE_5808000,posterior.trees,true,sample,bayesian,centuries,Honkola2013
posterior-140,STATE_9687000,posterior.trees,true,sample,bayesian,centuries,Honkola2013
posterior-141,STATE_3362000,posterior.trees,true,sample,bayesian,centuries,Honkola2013
posterior-142,STATE_4219000,posterior.trees,true,sample,bayesian,centuries,Honkola2013
posterior-143,STATE_7308000,posterior.trees,true,sample,bayesian,centuries,Honkola2013
posterior-144,STATE_8861000,posterior.trees,true,sample,bayesian,centuries,Honkola2013
posterior-145,STATE_8822000,posterior.trees,true,sample,bayesian,centuries,Honkola2013
posterior-146,STATE_7187000,posterior.trees,true,sample,bayesian,centuries,Honkola2013
posterior-147,STATE_4175000,posterior.trees,true,sample,bayesian,centuries,Honkola2013
posterior-148,STATE_4215000,posterior.trees,true,sample,bayesian,centuries,Honkola2013
posterior-149,STATE_815000,posterior.trees,true,sample,bayesian,centuries,Honkola2013
posterior-150,STATE_600000,posterior.trees,true,sample,bayesian,centuries,Honkola2013
posterior-151,STATE_7811000,posterior.trees,true,sample,bayesian,centuries,Honkola2013
posterior-152,STATE_6090000,posterior.trees,true,sample,bayesian,centuries,Honkola2013
posterior-153,STATE_2801000,posterior.trees,true,sample,bayesian,centuries,Honkola2013
posterior-154,STATE_1705000,posterior.trees,true,sample,bayesian,centuries,Honkola2013
posterior-155,STATE_9778000,posterior.trees,true,sample,bayesian,centuries,Honkola2013
posterior-156,STATE_8554000,posterior.trees,true,sample,bayesian,centuries,Honkola2013
posterior-157,STATE_8948000,posterior.trees,true,sample,bayesian,centuries,Honkola2013
posterior-158,STATE_4726000,posterior.trees,true,sample,bayesian,centuries,Honkola2013
posterior-159,STATE_2763000,posterior.trees,true,sample,bayesian,centuries,Honkola2013
posterior-160,STATE_7302000,posterior.trees,true,sample,bayesian,centuries,Honkola2013
posterior-161,STATE_8965000,posterior.trees,true,sample,bayesian,centuries,Honkola2013
posterior-162,STATE_3411000,posterior.trees,true,sample,bayesian,centuries,Honkola2013
posterior-163,STATE_9930000,posterior.trees,true,sample,bayesian,centuries,Honkola2013
posterior-164,STATE_2651000,posterior.trees,true,sample,bayesian,centuries,Honkola2013
posterior-165,STATE_827000,posterior.trees,true,sample,bayesian,centuries,Honkola2013
posterior-166,STATE_9024000,posterior.trees,true,sample,bayesian,centuries,Honkola2013
posterior-167,STATE_5018000,posterior.trees,true,sample,bayesian,centuries,Honkola2013
posterior-168,STATE_7874000,posterior.trees,true,sample,bayesian,centuries,Honkola2013
posterior-169,STATE_4627000,posterior.trees,true,sample,bayesian,centuries,Honkola2013
posterior-170,STATE_7812000,posterior.trees,true,sample,bayesian,centuries,Honkola2013
posterior-171,STATE_9339000,posterior.trees,true,sample,bayesian,centuries,Honkola2013
posterior-172,STATE_7143000,posterior.trees,true,sample,bayesian,centuries,Honkola2013
posterior-173,STATE_8776000,posterior.trees,true,sample,bayesian,centuries,Honkola2013
posterior-174,STATE_8299000,posterior.trees,true,sample,bayesian,centuries,Honkola2013
posterior-175,STATE_5604000,posterior.trees,true,sample,bayesian,centuries,Honkola2013
posterior-176,STATE_9742000,posterior.trees,true,sample,bayesian,centuries,Honkola2013
posterior-177,STATE_8642000,posterior.trees,true,sample,bayesian,centuries,Honkola2013
posterior-178,STATE_2448000,posterior.trees,true,sample,bayesian,centuries,Honkola2013
posterior-179,STATE_8347000,posterior.trees,true,sample,bayesian,centuries,Honkola2013
posterior-180,STATE_3473000,posterior.trees,true,sample,bayesian,centuries,Honkola2013
posterior-181,STATE_8966000,posterior.trees,true,sample,bayesian,centuries,Honkola2013
posterior-182,STATE_4827000,posterior.trees,true,sample,bayesian,centuries,Honkola2013
posterior-183,STATE_6240000,posterior.trees,true,sample,bayesian,centuries,Honkola2013
posterior-184,STATE_4054000,posterior.trees,true,sample,bayesian,centuries,Honkola2013
posterior-185,STATE_848000,posterior.trees,true,sample,bayesian,centuries,Honkola2013
posterior-186,STATE_8890000,posterior.trees,true,sample,bayesian,centuries,Honkola2013
posterior-187,STATE_581000,posterior.trees,true,sample,bayesian,centuries,Honkola2013
posterior-188,STATE_4663000,posterior.trees,true,sample,bayesian,centuries,Honkola2013
posterior-189,STATE_2185000,posterior.trees,true,sample,bayesian,centuries,Honkola2013
posterior-190,STATE_468000,posterior.trees,true,sample,bayesian,centuries,Honkola2013
posterior-191,STATE_7114000,posterior.trees,true,sample,bayesian,centuries,Honkola2013
posterior-192,STATE_5620000,posterior.trees,true,sample,bayesian,centuries,Honkola2013
posterior-193,STATE_5291000,posterior.trees,true,sample,bayesian,centuries,Honkola2013
posterior-194,STATE_7383000,posterior.trees,true,sample,bayesian,centuries,Honkola2013
posterior-195,STATE_3163000,posterior.trees,true,sample,bayesian,centuries,Honkola2013
posterior-196,STATE_6434000,posterior.trees,true,sample,bayesian,centuries,Honkola2013
posterior-197,STATE_5391000,posterior.trees,true,sample,bayesian,centuries,Honkola2013
posterior-198,STATE_2422000,posterior.trees,true,sample,bayesian,centuries,Honkola2013
posterior-199,STATE_5143000,posterior.trees,true,sample,bayesian,centuries,Honkola2013
posterior-200,STATE_9845000,posterior.trees,true,sample,bayesian,centuries,Honkola2013
posterior-201,STATE_3618000,posterior.trees,true,sample,bayesian,centuries,Honkola2013
posterior-202,STATE_9444000,posterior.trees,true,sample,bayesian,centuries,Honkola2013
posterior-203,STATE_1539000,posterior.trees,true,sample,bayesian,centuries,Honkola2013
posterior-204,STATE_7902000,posterior.trees,true,sample,bayesian,centuries,Honkola2013
posterior-205,STATE_5907000,posterior.trees,true,sample,bayesian,centuries,Honkola2013
posterior-206,STATE_9762000,posterior.trees,true,sample,bayesian,centuries,Honkola2013
posterior-207,STATE_8263000,posterior.trees,true,sample,bayesian,centuries,Honkola2013
posterior-208,STATE_4299000,posterior.trees,true,sample,bayesian,centuries,Honkola2013
posterior-209,STATE_2226000,posterior.trees,true,sample,bayesian,centuries,Honkola2013
posterior-210,STATE_9580000,posterior.trees,true,sample,bayesian,centuries,Honkola2013
posterior-211,STATE_3355000,posterior.trees,true,sample,bayesian,centuries,Honkola2013
posterior-212,STATE_1473000,posterior.trees,true,sample,bayesian,centuries,Honkola2013
posterior-213,STATE_4643000,posterior.trees,true,sample,bayesian,centuries,Honkola2013
posterior-214,STATE_6765000,posterior.trees,true,sample,bayesian,centuries,Honkola2013
posterior-215,STATE_3107000,posterior.trees,true,sample,bayesian,centuries,Honkola2013
posterior-216,STATE_5565000,posterior.trees,true,sample,bayesian,centuries,Honkola2013
posterior-217,STATE_8941000,posterior.trees,true,sample,bayesian,centuries,Honkola2013
posterior-218,STATE_9658000,posterior.trees,true,sample,bayesian,centuries,Honkola2013
posterior-219,STATE_915000,posterior.trees,true,sample,bayesian,centuries,Honkola2013
posterior-220,STATE_7685000,posterior.trees,true,sample,bayesian,centuries,Honkola2013
posterior-221,STATE_4195000,posterior.trees,true,sample,bayesian,centuries,Honkola2013
posterior-222,STATE_6728000,posterior.trees,true,sample,bayesian,centuries,Honkola2013
posterior-223,STATE_3845000,posterior.trees,true,sample,bayesian,centuries,Honkola2013
posterior-224,STATE_7132000,posterior.trees,true,sample,bayesian,centuries,Honkola2013
posterior-225,STATE_9561000,posterior.trees,true,sample,bayesian,centuries,Honkola2013
posterior-226,STATE_9058000,posterior.trees,true,sample,bayesian,centuries,Honkola2013
posterior-227,STATE_9108000,posterior.trees,true,sample,bayesian,centuries,Honkola2013
posterior-228,STATE_3333000,posterior.trees,true,sample,bayesian,centuries,Honkola2013
posterior-229,STATE_1973000,posterior.trees,true,sample,bayesian,centuries,Honkola2013
posterior-230,STATE_3753000,posterior.trees,true,sample,bayesian,centuries,Honkola2013
posterior-231,STATE_5629000,posterior.trees,true,sample,bayesian,centuries,Honkola2013
posterior-232,STATE_5909000,posterior.trees,true,sample,bayesian,centuries,Honkola2013
posterior-233,STATE_646000,posterior.trees,true,sample,bayesian,centuries,Honkola2013
posterior-234,STATE_6822000,posterior.trees,true,sample,bayesian,centuries,Honkola2013
posterior-235,STATE_2813000,posterior.trees,true,sample,bayesian,centuries,Honkola2013
posterior-236,STATE_6743000,posterior.trees,true,sample,bayesian,centuries,Honkola2013
posterior-237,STATE_9237000,posterior.trees,true,sample,bayesian,centuries,Honkola2013
posterior-238,STATE_7645000,posterior.trees,true,sample,bayesian,centuries,Honkola2013
posterior-239,STATE_8682000,posterior.trees,true,sample,bayesian,centuries,Honkola2013
posterior-240,STATE_6469000,posterior.trees,true,sample,bayesian,centuries,Honkola2013
posterior-241,STATE_219000,posterior.trees,true,sample,bayesian,centuries,Honkola2013
posterior-242,STATE_9147000,posterior.trees,true,sample,bayesian,centuries,Honkola2013
posterior-243,STATE_8166000,posterior.trees,true,sample,bayesian,centuries,Honkola2013
posterior-244,STATE_6094000,posterior.trees,true,sample,bayesian,centuries,Honkola2013
posterior-245,STATE_5218000,posterior.trees,true,sample,bayesian,centuries,Honkola2013
posterior-246,STATE_3735000,posterior.trees,true,sample,bayesian,centuries,Honkola2013
posterior-247,STATE_1547000,posterior.trees,true,sample,bayesian,centuries,Honkola2013
posterior-248,STATE_8929000,posterior.trees,true,sample,bayesian,centuries,Honkola2013
posterior-249,STATE_5846000,posterior.trees,true,sample,bayesian,centuries,Honkola2013
posterior-250,STATE_6331000,posterior.trees,true,sample,bayesian,centuries,Honkola2013
posterior-251,STATE_5886000,posterior.trees,true,sample,bayesian,centuries,Honkola2013
posterior-252,STATE_5043000,posterior.trees,true,sample,bayesian,centuries,Honkola2013
posterior-253,STATE_1492000,posterior.trees,true,sample,bayesian,centuries,Honkola2013
posterior-254,STATE_4661000,posterior.trees,true,sample,bayesian,centuries,Honkola2013
posterior-255,STATE_3510000,posterior.trees,true,sample,bayesian,centuries,Honkola2013
posterior-256,STATE_7357000,posterior.trees,true,sample,bayesian,centuries,Honkola2013
posterior-257,STATE_3587000,posterior.trees,true,sample,bayesian,centuries,Honkola2013
posterior-258,STATE_3971000,posterior.trees,true,sample,bayesian,centuries,Honkola2013
posterior-259,STATE_561000,posterior.trees,true,sample,bayesian,centuries,Honkola2013
posterior-260,STATE_7524000,posterior.trees,true,sample,bayesian,centuries,Honkola2013
posterior-261,STATE_5363000,posterior.trees,true,sample,bayesian,centuries,Honkola2013
posterior-262,STATE_8680000,posterior.trees,true,sample,bayesian,centuries,Honkola2013
posterior-263,STATE_6426000,posterior.trees,true,sample,bayesian,centuries,Honkola2013
posterior-264,STATE_7670000,posterior.trees,true,sample,bayesian,centuries,Honkola2013
posterior-265,STATE_9890000,posterior.trees,true,sample,bayesian,centuries,Honkola2013
posterior-266,STATE_918000,posterior.trees,true,sample,bayesian,centuries,Honkola2013
posterior-267,STATE_5421000,posterior.trees,true,sample,bayesian,centuries,Honkola2013
posterior-268,STATE_917000,posterior.trees,true,sample,bayesian,centuries,Honkola2013
posterior-269,STATE_5626000,posterior.trees,true,sample,bayesian,centuries,Honkola2013
posterior-270,STATE_2340000,posterior.trees,true,sample,bayesian,centuries,Honkola2013
posterior-271,STATE_9367000,posterior.trees,true,sample,bayesian,centuries,Honkola2013
posterior-272,STATE_1996000,posterior.trees,true,sample,bayesian,centuries,Honkola2013
posterior-273,STATE_9615000,posterior.trees,true,sample,bayesian,centuries,Honkola2013
posterior-274,STATE_7951000,posterior.trees,true,sample,bayesian,centuries,Honkola2013
posterior-275,STATE_1637000,posterior.trees,true,sample,bayesian,centuries,Honkola2013
posterior-276,STATE_4051000,posterior.trees,true,sample,bayesian,centuries,Honkola2013
posterior-277,STATE_8438000,posterior.trees,true,sample,bayesian,centuries,Honkola2013
posterior-278,STATE_1981000,posterior.trees,true,sample,bayesian,centuries,Honkola2013
posterior-279,STATE_224000,posterior.trees,true,sample,bayesian,centuries,Honkola2013
posterior-280,STATE_8643000,posterior.trees,true,sample,bayesian,centuries,Honkola2013
posterior-281,STATE_370000,posterior.trees,true,sample,bayesian,centuries,Honkola2013
posterior-282,STATE_4917000,posterior.trees,true,sample,bayesian,centuries,Honkola2013
posterior-283,STATE_3493000,posterior.trees,true,sample,bayesian,centuries,Honkola2013
posterior-284,STATE_6518000,posterior.trees,true,sample,bayesian,centuries,Honkola2013
posterior-285,STATE_6323000,posterior.trees,true,sample,bayesian,centuries,Honkola2013
posterior-286,STATE_2518000,posterior.trees,true,sample,bayesian,centuries,Honkola2013
posterior-287,STATE_8097000,posterior.trees,true,sample,bayesian,centuries,Honkola2013
posterior-288,STATE_3078000,posterior.trees,true,sample,bayesian,centuries,Honkola2013
posterior-289,STATE_8096000,posterior.trees,true,sample,bayesian,centuries,Honkola2013
posterior-290,STATE_1376000,posterior.trees,true,sample,bayesian,centuries,Honkola2013
posterior-291,STATE_9837000,posterior.trees,true,sample,bayesian,centuries,Honkola2013
posterior-292,STATE_9355000,posterior.trees,true,sample,bayesian,centuries,Honkola2013
posterior-293,STATE_3862000,posterior.trees,true,sample,bayesian,centuries,Honkola2013
posterior-294,STATE_9680000,posterior.trees,true,sample,bayesian,centuries,Honkola2013
posterior-295,STATE_2515000,posterior.trees,true,sample,bayesian,centuries,Honkola2013
posterior-296,STATE_2128000,posterior.trees,true,sample,bayesian,centuries,Honkola2013
posterior-297,STATE_5919000,posterior.trees,true,sample,bayesian,centuries,Honkola2013
posterior-298,STATE_8270000,posterior.trees,true,sample,bayesian,centuries,Honkola2013
posterior-299,STATE_6355000,posterior.trees,true,sample,bayesian,centuries,Honkola2013
posterior-300,STATE_6425000,posterior.trees,true,sample,bayesian,centuries,Honkola2013
posterior-301,STATE_6695000,posterior.trees,true,sample,bayesian,centuries,Honkola2013
posterior-302,STATE_2516000,posterior.trees,true,sample,bayesian,centuries,Honkola2013
posterior-303,STATE_4580000,posterior.trees,true,sample,bayesian,centuries,Honkola2013
posterior-304,STATE_1360000,posterior.trees,true,sample,bayesian,centuries,Honkola2013
posterior-305,STATE_8007000,posterior.trees,true,sample,bayesian,centuries,Honkola2013
posterior-306,STATE_8758000,posterior.trees,true,sample,bayesian,centuries,Honkola2013
posterior-307,STATE_2418000,posterior.trees,true,sample,bayesian,centuries,Honkola2013
posterior-308,STATE_781000,posterior.trees,true,sample,bayesian,centuries,Honkola2013
posterior-309,STATE_6346000,posterior.trees,true,sample,bayesian,centuries,Honkola2013
posterior-310,STATE_1489000,posterior.trees,true,sample,bayesian,centuries,Honkola2013
posterior-311,STATE_3673000,posterior.trees,true,sample,bayesian,centuries,Honkola2013
posterior-312,STATE_7124000,posterior.trees,true,sample,bayesian,centuries,Honkola2013
posterior-313,STATE_3269000,posterior.trees,true,sample,bayesian,centuries,Honkola2013
posterior-314,STATE_3617000,posterior.trees,true,sample,bayesian,centuries,Honkola2013
posterior-315,STATE_7683000,posterior.trees,true,sample,bayesian,centuries,Honkola2013
posterior-316,STATE_7024000,posterior.trees,true,sample,bayesian,centuries,Honkola2013
posterior-317,STATE_9718000,posterior.trees,true,sample,bayesian,centuries,Honkola2013
posterior-318,STATE_8858000,posterior.trees,true,sample,bayesian,centuries,Honkola2013
posterior-319,STATE_3515000,posterior.trees,true,sample,bayesian,centuries,Honkola2013
posterior-320,STATE_4725000,posterior.trees,true,sample,bayesian,centuries,Honkola2013
posterior-321,STATE_1082000,posterior.trees,true,sample,bayesian,centuries,Honkola2013
posterior-322,STATE_6419000,posterior.trees,true,sample,bayesian,centuries,Honkola2013
posterior-323,STATE_7148000,posterior.trees,true,sample,bayesian,centuries,Honkola2013
posterior-324,STATE_2376000,posterior.trees,true,sample,bayesian,centuries,Honkola2013
posterior-325,STATE_2474000,posterior.trees,true,sample,bayesian,centuries,Honkola2013
posterior-326,STATE_2849000,posterior.trees,true,sample,bayesian,centuries,Honkola2013
posterior-327,STATE_4694000,posterior.trees,true,sample,bayesian,centuries,Honkola2013
posterior-328,STATE_9035000,posterior.trees,true,sample,bayesian,centuries,Honkola2013
posterior-329,STATE_6472000,posterior.trees,true,sample,bayesian,centuries,Honkola2013
posterior-330,STATE_5278000,posterior.trees,true,sample,bayesian,centuries,Honkola2013
posterior-331,STATE_7978000,posterior.trees,true,sample,bayesian,centuries,Honkola2013
posterior-332,STATE_938000,posterior.trees,true,sample,bayesian,centuries,Honkola2013
posterior-333,STATE_4632000,posterior.trees,true,sample,bayesian,centuries,Honkola2013
posterior-334,STATE_4884000,posterior.trees,true,sample,bayesian,centuries,Honkola2013
posterior-335,STATE_1767000,posterior.trees,true,sample,bayesian,centuries,Honkola2013
posterior-336,STATE_3619000,posterior.trees,true,sample,bayesian,centuries,Honkola2013
posterior-337,STATE_2478000,posterior.trees,true,sample,bayesian,centuries,Honkola2013
posterior-338,STATE_5314000,posterior.trees,true,sample,bayesian,centuries,Honkola2013
posterior-339,STATE_6361000,posterior.trees,true,sample,bayesian,centuries,Honkola2013
posterior-340,STATE_3848000,posterior.trees,true,sample,bayesian,centuries,Honkola2013
posterior-341,STATE_4002000,posterior.trees,true,sample,bayesian,centuries,Honkola2013
posterior-342,STATE_1731000,posterior.trees,true,sample,bayesian,centuries,Honkola2013
posterior-343,STATE_3220000,posterior.trees,true,sample,bayesian,centuries,Honkola2013
posterior-344,STATE_2394000,posterior.trees,true,sample,bayesian,centuries,Honkola2013
posterior-345,STATE_7689000,posterior.trees,true,sample,bayesian,centuries,Honkola2013
posterior-346,STATE_7032000,posterior.trees,true,sample,bayesian,centuries,Honkola2013
posterior-347,STATE_8066000,posterior.trees,true,sample,bayesian,centuries,Honkola2013
posterior-348,STATE_4267000,posterior.trees,true,sample,bayesian,centuries,Honkola2013
posterior-349,STATE_5265000,posterior.trees,true,sample,bayesian,centuries,Honkola2013
posterior-350,STATE_7076000,posterior.trees,true,sample,bayesian,centuries,Honkola2013
posterior-351,STATE_1330000,posterior.trees,true,sample,bayesian,centuries,Honkola2013
posterior-352,STATE_9897000,posterior.trees,true,sample,bayesian,centuries,Honkola2013
posterior-353,STATE_625000,posterior.trees,true,sample,bayesian,centuries,Honkola2013
posterior-354,STATE_2510000,posterior.trees,true,sample,bayesian,centuries,Honkola2013
posterior-355,STATE_6673000,posterior.trees,true,sample,bayesian,centuries,Honkola2013
posterior-356,STATE_6244000,posterior.trees,true,sample,bayesian,centuries,Honkola2013
posterior-357,STATE_1113000,posterior.trees,true,sample,bayesian,centuries,Honkola2013
posterior-358,STATE_2979000,posterior.trees,true,sample,bayesian,centuries,Honkola2013
posterior-359,STATE_4798000,posterior.trees,true,sample,bayesian,centuries,Honkola2013
posterior-360,STATE_1898000,posterior.trees,true,sample,bayesian,centuries,Honkola2013
posterior-361,STATE_8012000,posterior.trees,true,sample,bayesian,centuries,Honkola2013
posterior-362,STATE_4783000,posterior.trees,true,sample,bayesian,centuries,Honkola2013
posterior-363,STATE_2200000,posterior.trees,true,sample,bayesian,centuries,Honkola2013
posterior-364,STATE_6975000,posterior.trees,true,sample,bayesian,centuries,Honkola2013
posterior-365,STATE_2571000,posterior.trees,true,sample,bayesian,centuries,Honkola2013
posterior-366,STATE_6380000,posterior.trees,true,sample,bayesian,centuries,Honkola2013
posterior-367,STATE_2475000,posterior.trees,true,sample,bayesian,centuries,Honkola2013
posterior-368,STATE_8367000,posterior.trees,true,sample,bayesian,centuries,Honkola2013
posterior-369,STATE_4231000,posterior.trees,true,sample,bayesian,centuries,Honkola2013
posterior-370,STATE_6009000,posterior.trees,true,sample,bayesian,centuries,Honkola2013
posterior-371,STATE_9342000,posterior.trees,true,sample,bayesian,centuries,Honkola2013
posterior-372,STATE_3968000,posterior.trees,true,sample,bayesian,centuries,Honkola2013
posterior-373,STATE_1270000,posterior.trees,true,sample,bayesian,centuries,Honkola2013
posterior-374,STATE_3509000,posterior.trees,true,sample,bayesian,centuries,Honkola2013
posterior-375,STATE_9556000,posterior.trees,true,sample,bayesian,centuries,Honkola2013
posterior-376,STATE_8789000,posterior.trees,true,sample,bayesian,centuries,Honkola2013
posterior-377,STATE_6960000,posterior.trees,true,sample,bayesian,centuries,Honkola2013
posterior-378,STATE_1978000,posterior.trees,true,sample,bayesian,centuries,Honkola2013
posterior-379,STATE_9150000,posterior.trees,true,sample,bayesian,centuries,Honkola2013
posterior-380,STATE_8482000,posterior.trees,true,sample,bayesian,centuries,Honkola2013
posterior-381,STATE_3018000,posterior.trees,true,sample,bayesian,centuries,Honkola2013
posterior-382,STATE_2077000,posterior.trees,true,sample,bayesian,centuries,Honkola2013
posterior-383,STATE_8864000,posterior.trees,true,sample,bayesian,centuries,Honkola2013
posterior-384,STATE_7786000,posterior.trees,true,sample,bayesian,centuries,Honkola2013
posterior-385,STATE_569000,posterior.trees,true,sample,bayesian,centuries,Honkola2013
posterior-386,STATE_8183000,posterior.trees,true,sample,bayesian,centuries,Honkola2013
posterior-387,STATE_2387000,posterior.trees,true,sample,bayesian,centuries,Honkola2013
posterior-388,STATE_8543000,posterior.trees,true,sample,bayesian,centuries,Honkola2013
posterior-389,STATE_3412000,posterior.trees,true,sample,bayesian,centuries,Honkola2013
posterior-390,STATE_6553000,posterior.trees,true,sample,bayesian,centuries,Honkola2013
posterior-391,STATE_8469000,posterior.trees,true,sample,bayesian,centuries,Honkola2013
posterior-392,STATE_6632000,posterior.trees,true,sample,bayesian,centuries,Honkola2013
posterior-393,STATE_3577000,posterior.trees,true,sample,bayesian,centuries,Honkola2013
posterior-394,STATE_606000,posterior.trees,true,sample,bayesian,centuries,Honkola2013
posterior-395,STATE_8905000,posterior.trees,true,sample,bayesian,centuries,Honkola2013
posterior-396,STATE_4816000,posterior.trees,true,sample,bayesian,centuries,Honkola2013
posterior-397,STATE_9296000,posterior.trees,true,sample,bayesian,centuries,Honkola2013
posterior-398,STATE_1474000,posterior.trees,true,sample,bayesian,centuries,Honkola2013
posterior-399,STATE_7909000,posterior.trees,true,sample,bayesian,centuries,Honkola2013
posterior-400,STATE_4222000,posterior.trees,true,sample,bayesian,centuries,Honkola2013
posterior-401,STATE_9013000,posterior.trees,true,sample,bayesian,centuries,Honkola2013
posterior-402,STATE_3986000,posterior.trees,true,sample,bayesian,centuries,Honkola2013
posterior-403,STATE_6501000,posterior.trees,true,sample,bayesian,centuries,Honkola2013
posterior-404,STATE_7134000,posterior.trees,true,sample,bayesian,centuries,Honkola2013
posterior-405,STATE_5201000,posterior.trees,true,sample,bayesian,centuries,Honkola2013
posterior-406,STATE_5660000,posterior.trees,true,sample,bayesian,centuries,Honkola2013
posterior-407,STATE_2946000,posterior.trees,true,sample,bayesian,centuries,Honkola2013
posterior-408,STATE_5136000,posterior.trees,true,sample,bayesian,centuries,Honkola2013
posterior-409,STATE_991000,posterior.trees,true,sample,bayesian,centuries,Honkola2013
posterior-410,STATE_7609000,posterior.trees,true,sample,bayesian,centuries,Honkola2013
posterior-411,STATE_222000,posterior.trees,true,sample,bayesian,centuries,Honkola2013
posterior-412,STATE_3906000,posterior.trees,true,sample,bayesian,centuries,Honkola2013
posterior-413,STATE_9668000,posterior.trees,true,sample,bayesian,centuries,Honkola2013
posterior-414,STATE_4017000,posterior.trees,true,sample,bayesian,centuries,Honkola2013
posterior-415,STATE_564000,posterior.trees,true,sample,bayesian,centuries,Honkola2013
posterior-416,STATE_3987000,posterior.trees,true,sample,bayesian,centuries,Honkola2013
posterior-417,STATE_6807000,posterior.trees,true,sample,bayesian,centuries,Honkola2013
posterior-418,STATE_1319000,posterior.trees,true,sample,bayesian,centuries,Honkola2013
posterior-419,STATE_8235000,posterior.trees,true,sample,bayesian,centuries,Honkola2013
posterior-420,STATE_440000,posterior.trees,true,sample,bayesian,centuries,Honkola2013
posterior-421,STATE_1297000,posterior.trees,true,sample,bayesian,centuries,Honkola2013
posterior-422,STATE_8511000,posterior.trees,true,sample,bayesian,centuries,Honkola2013
posterior-423,STATE_2863000,posterior.trees,true,sample,bayesian,centuries,Honkola2013
posterior-424,STATE_7551000,posterior.trees,true,sample,bayesian,centuries,Honkola2013
posterior-425,STATE_9576000,posterior.trees,true,sample,bayesian,centuries,Honkola2013
posterior-426,STATE_1501000,posterior.trees,true,sample,bayesian,centuries,Honkola2013
posterior-427,STATE_6372000,posterior.trees,true,sample,bayesian,centuries,Honkola2013
posterior-428,STATE_6336000,posterior.trees,true,sample,bayesian,centuries,Honkola2013
posterior-429,STATE_5199000,posterior.trees,true,sample,bayesian,centuries,Honkola2013
posterior-430,STATE_3403000,posterior.trees,true,sample,bayesian,centuries,Honkola2013
posterior-431,STATE_7767000,posterior.trees,true,sample,bayesian,centuries,Honkola2013
posterior-432,STATE_3925000,posterior.trees,true,sample,bayesian,centuries,Honkola2013
posterior-433,STATE_4258000,posterior.trees,true,sample,bayesian,centuries,Honkola2013
posterior-434,STATE_5880000,posterior.trees,true,sample,bayesian,centuries,Honkola2013
posterior-435,STATE_1595000,posterior.trees,true,sample,bayesian,centuries,Honkola2013
posterior-436,STATE_8158000,posterior.trees,true,sample,bayesian,centuries,Honkola2013
posterior-437,STATE_7480000,posterior.trees,true,sample,bayesian,centuries,Honkola2013
posterior-438,STATE_9223000,posterior.trees,true,sample,bayesian,centuries,Honkola2013
posterior-439,STATE_8502000,posterior.trees,true,sample,bayesian,centuries,Honkola2013
posterior-440,STATE_9341000,posterior.trees,true,sample,bayesian,centuries,Honkola2013
posterior-441,STATE_9781000,posterior.trees,true,sample,bayesian,centuries,Honkola2013
posterior-442,STATE_3234000,posterior.trees,true,sample,bayesian,centuries,Honkola2013
posterior-443,STATE_9647000,posterior.trees,true,sample,bayesian,centuries,Honkola2013
posterior-444,STATE_3321000,posterior.trees,true,sample,bayesian,centuries,Honkola2013
posterior-445,STATE_7382000,posterior.trees,true,sample,bayesian,centuries,Honkola2013
posterior-446,STATE_7119000,posterior.trees,true,sample,bayesian,centuries,Honkola2013
posterior-447,STATE_9852000,posterior.trees,true,sample,bayesian,centuries,Honkola2013
posterior-448,STATE_5948000,posterior.trees,true,sample,bayesian,centuries,Honkola2013
posterior-449,STATE_7976000,posterior.trees,true,sample,bayesian,centuries,Honkola2013
posterior-450,STATE_2186000,posterior.trees,true,sample,bayesian,centuries,Honkola2013
posterior-451,STATE_4532000,posterior.trees,true,sample,bayesian,centuries,Honkola2013
posterior-452,STATE_9596000,posterior.trees,true,sample,bayesian,centuries,Honkola2013
posterior-453,STATE_3723000,posterior.trees,true,sample,bayesian,centuries,Honkola2013
posterior-454,STATE_1707000,posterior.trees,true,sample,bayesian,centuries,Honkola2013
posterior-455,STATE_1465000,posterior.trees,true,sample,bayesian,centuries,Honkola2013
posterior-456,STATE_4052000,posterior.trees,true,sample,bayesian,centuries,Honkola2013
posterior-457,STATE_6596000,posterior.trees,true,sample,bayesian,centuries,Honkola2013
posterior-458,STATE_1955000,posterior.trees,true,sample,bayesian,centuries,Honkola2013
posterior-459,STATE_2086000,posterior.trees,true,sample,bayesian,centuries,Honkola2013
posterior-460,STATE_8428000,posterior.trees,true,sample,bayesian,centuries,Honkola2013
posterior-461,STATE_3183000,posterior.trees,true,sample,bayesian,centuries,Honkola2013
posterior-462,STATE_2590000,posterior.trees,true,sample,bayesian,centuries,Honkola2013
posterior-463,STATE_3639000,posterior.trees,true,sample,bayesian,centuries,Honkola2013
posterior-464,STATE_7944000,posterior.trees,true,sample,bayesian,centuries,Honkola2013
posterior-465,STATE_9047000,posterior.trees,true,sample,bayesian,centuries,Honkola2013
posterior-466,STATE_6399000,posterior.trees,true,sample,bayesian,centuries,Honkola2013
posterior-467,STATE_7761000,posterior.trees,true,sample,bayesian,centuries,Honkola2013
posterior-468,STATE_1069000,posterior.trees,true,sample,bayesian,centuries,Honkola2013
posterior-469,STATE_8350000,posterior.trees,true,sample,bayesian,centuries,Honkola2013
posterior-470,STATE_6733000,posterior.trees,true,sample,bayesian,centuries,Honkola2013
posterior-471,STATE_2599000,posterior.trees,true,sample,bayesian,centuries,Honkola2013
posterior-472,STATE_6349000,posterior.trees,true,sample,bayesian,centuries,Honkola2013
posterior-473,STATE_7222000,posterior.trees,true,sample,bayesian,centuries,Honkola2013
posterior-474,STATE_9168000,posterior.trees,true,sample,bayesian,centuries,Honkola2013
posterior-475,STATE_4078000,posterior.trees,true,sample,bayesian,centuries,Honkola2013
posterior-476,STATE_8386000,posterior.trees,true,sample,bayesian,centuries,Honkola2013
posterior-477,STATE_3832000,posterior.trees,true,sample,bayesian,centuries,Honkola2013
posterior-478,STATE_461000,posterior.trees,true,sample,bayesian,centuries,Honkola2013
posterior-479,STATE_9623000,posterior.trees,true,sample,bayesian,centuries,Honkola2013
posterior-480,STATE_5587000,posterior.trees,true,sample,bayesian,centuries,Honkola2013
posterior-481,STATE_2950000,posterior.trees,true,sample,bayesian,centuries,Honkola2013
posterior-482,STATE_9088000,posterior.trees,true,sample,bayesian,centuries,Honkola2013
posterior-483,STATE_6324000,posterior.trees,true,sample,bayesian,centuries,Honkola2013
posterior-484,STATE_5819000,posterior.trees,true,sample,bayesian,centuries,Honkola2013
posterior-485,STATE_6920000,posterior.trees,true,sample,bayesian,centuries,Honkola2013
posterior-486,STATE_3816000,posterior.trees,true,sample,bayesian,centuries,Honkola2013
posterior-487,STATE_2161000,posterior.trees,true,sample,bayesian,centuries,Honkola2013
posterior-488,STATE_3214000,posterior.trees,true,sample,bayesian,centuries,Honkola2013
posterior-489,STATE_2898000,posterior.trees,true,sample,bayesian,centuries,Honkola2013
posterior-490,STATE_4778000,posterior.trees,true,sample,bayesian,centuries,Honkola2013
posterior-491,STATE_5591000,posterior.trees,true,sample,bayesian,centuries,Honkola2013
posterior-492,STATE_8503000,posterior.trees,true,sample,bayesian,centuries,Honkola2013
posterior-493,STATE_5056000,posterior.trees,true,sample,bayesian,centuries,Honkola2013
posterior-494,STATE_6214000,posterior.trees,true,sample,bayesian,centuries,Honkola2013
posterior-495,STATE_2290000,posterior.trees,true,sample,bayesian,centuries,Honkola2013
posterior-496,STATE_1561000,posterior.trees,true,sample,bayesian,centuries,Honkola2013
posterior-497,STATE_708000,posterior.trees,true,sample,bayesian,centuries,Honkola2013
posterior-498,STATE_2717000,posterior.trees,true,sample,bayesian,centuries,Honkola2013
posterior-499,STATE_427000,posterior.trees,true,sample,bayesian,centuries,Honkola2013
posterior-500,STATE_9779000,posterior.trees,true,sample,bayesian,centuries,Honkola2013
posterior-501,STATE_1963000,posterior.trees,true,sample,bayesian,centuries,Honkola2013
posterior-502,STATE_4277000,posterior.trees,true,sample,bayesian,centuries,Honkola2013
posterior-503,STATE_1199000,posterior.trees,true,sample,bayesian,centuries,Honkola2013
posterior-504,STATE_8163000,posterior.trees,true,sample,bayesian,centuries,Honkola2013
posterior-505,STATE_5719000,posterior.trees,true,sample,bayesian,centuries,Honkola2013
posterior-506,STATE_943000,posterior.trees,true,sample,bayesian,centuries,Honkola2013
posterior-507,STATE_8139000,posterior.trees,true,sample,bayesian,centuries,Honkola2013
posterior-508,STATE_4137000,posterior.trees,true,sample,bayesian,centuries,Honkola2013
posterior-509,STATE_6293000,posterior.trees,true,sample,bayesian,centuries,Honkola2013
posterior-510,STATE_1546000,posterior.trees,true,sample,bayesian,centuries,Honkola2013
posterior-511,STATE_1552000,posterior.trees,true,sample,bayesian,centuries,Honkola2013
posterior-512,STATE_9248000,posterior.trees,true,sample,bayesian,centuries,Honkola2013
posterior-513,STATE_3309000,posterior.trees,true,sample,bayesian,centuries,Honkola2013
posterior-514,STATE_7431000,posterior.trees,true,sample,bayesian,centuries,Honkola2013
posterior-515,STATE_3549000,posterior.trees,true,sample,bayesian,centuries,Honkola2013
posterior-516,STATE_574000,posterior.trees,true,sample,bayesian,centuries,Honkola2013
posterior-517,STATE_1865000,posterior.trees,true,sample,bayesian,centuries,Honkola2013
posterior-518,STATE_3328000,posterior.trees,true,sample,bayesian,centuries,Honkola2013
posterior-519,STATE_3788000,posterior.trees,true,sample,bayesian,centuries,Honkola2013
posterior-520,STATE_7146000,posterior.trees,true,sample,bayesian,centuries,Honkola2013
posterior-521,STATE_7775000,posterior.trees,true,sample,bayesian,centuries,Honkola2013
posterior-522,STATE_385000,posterior.trees,true,sample,bayesian,centuries,Honkola2013
posterior-523,STATE_7413000,posterior.trees,true,sample,bayesian,centuries,Honkola2013
posterior-524,STATE_6428000,posterior.trees,true,sample,bayesian,centuries,Honkola2013
posterior-525,STATE_1045000,posterior.trees,true,sample,bayesian,centuries,Honkola2013
posterior-526,STATE_5234000,posterior.trees,true,sample,bayesian,centuries,Honkola2013
posterior-527,STATE_9771000,posterior.trees,true,sample,bayesian,centuries,Honkola2013
posterior-528,STATE_6846000,posterior.trees,true,sample,bayesian,centuries,Honkola2013
posterior-529,STATE_339000,posterior.trees,true,sample,bayesian,centuries,Honkola2013
posterior-530,STATE_5020000,posterior.trees,true,sample,bayesian,centuries,Honkola2013
posterior-531,STATE_9918000,posterior.trees,true,sample,bayesian,centuries,Honkola2013
posterior-532,STATE_1033000,posterior.trees,true,sample,bayesian,centuries,Honkola2013
posterior-533,STATE_3684000,posterior.trees,true,sample,bayesian,centuries,Honkola2013
posterior-534,STATE_5476000,posterior.trees,true,sample,bayesian,centuries,Honkola2013
posterior-535,STATE_5616000,posterior.trees,true,sample,bayesian,centuries,Honkola2013
posterior-536,STATE_2861000,posterior.trees,true,sample,bayesian,centuries,Honkola2013
posterior-537,STATE_6232000,posterior.trees,true,sample,bayesian,centuries,Honkola2013
posterior-538,STATE_4439000,posterior.trees,true,sample,bayesian,centuries,Honkola2013
posterior-539,STATE_4164000,posterior.trees,true,sample,bayesian,centuries,Honkola2013
posterior-540,STATE_6911000,posterior.trees,true,sample,bayesian,centuries,Honkola2013
posterior-541,STATE_5717000,posterior.trees,true,sample,bayesian,centuries,Honkola2013
posterior-542,STATE_5522000,posterior.trees,true,sample,bayesian,centuries,Honkola2013
posterior-543,STATE_3607000,posterior.trees,true,sample,bayesian,centuries,Honkola2013
posterior-544,STATE_6135000,posterior.trees,true,sample,bayesian,centuries,Honkola2013
posterior-545,STATE_2578000,posterior.trees,true,sample,bayesian,centuries,Honkola2013
posterior-546,STATE_6039000,posterior.trees,true,sample,bayesian,centuries,Honkola2013
posterior-547,STATE_4056000,posterior.trees,true,sample,bayesian,centuries,Honkola2013
posterior-548,STATE_7283000,posterior.trees,true,sample,bayesian,centuries,Honkola2013
posterior-549,STATE_9297000,posterior.trees,true,sample,bayesian,centuries,Honkola2013
posterior-550,STATE_3353000,posterior.trees,true,sample,bayesian,centuries,Honkola2013
posterior-551,STATE_7677000,posterior.trees,true,sample,bayesian,centuries,Honkola2013
posterior-552,STATE_489000,posterior.trees,true,sample,bayesian,centuries,Honkola2013
posterior-553,STATE_3345000,posterior.trees,true,sample,bayesian,centuries,Honkola2013
posterior-554,STATE_4926000,posterior.trees,true,sample,bayesian,centuries,Honkola2013
posterior-555,STATE_9094000,posterior.trees,true,sample,bayesian,centuries,Honkola2013
posterior-556,STATE_8091000,posterior.trees,true,sample,bayesian,centuries,Honkola2013
posterior-557,STATE_2078000,posterior.trees,true,sample,bayesian,centuries,Honkola2013
posterior-558,STATE_5342000,posterior.trees,true,sample,bayesian,centuries,Honkola2013
posterior-559,STATE_921000,posterior.trees,true,sample,bayesian,centuries,Honkola2013
posterior-560,STATE_8991000,posterior.trees,true,sample,bayesian,centuries,Honkola2013
posterior-561,STATE_9665000,posterior.trees,true,sample,bayesian,centuries,Honkola2013
posterior-562,STATE_3402000,posterior.trees,true,sample,bayesian,centuries,Honkola2013
posterior-563,STATE_9663000,posterior.trees,true,sample,bayesian,centuries,Honkola2013
posterior-564,STATE_9006000,posterior.trees,true,sample,bayesian,centuries,Honkola2013
posterior-565,STATE_5827000,posterior.trees,true,sample,bayesian,centuries,Honkola2013
posterior-566,STATE_2776000,posterior.trees,true,sample,bayesian,centuries,Honkola2013
posterior-567,STATE_8917000,posterior.trees,true,sample,bayesian,centuries,Honkola2013
posterior-568,STATE_2631000,posterior.trees,true,sample,bayesian,centuries,Honkola2013
posterior-569,STATE_786000,posterior.trees,true,sample,bayesian,centuries,Honkola2013
posterior-570,STATE_4102000,posterior.trees,true,sample,bayesian,centuries,Honkola2013
posterior-571,STATE_4327000,posterior.trees,true,sample,bayesian,centuries,Honkola2013
posterior-572,STATE_9326000,posterior.trees,true,sample,bayesian,centuries,Honkola2013
posterior-573,STATE_1987000,posterior.trees,true,sample,bayesian,centuries,Honkola2013
posterior-574,STATE_1516000,posterior.trees,true,sample,bayesian,centuries,Honkola2013
posterior-575,STATE_6971000,posterior.trees,true,sample,bayesian,centuries,Honkola2013
posterior-576,STATE_3253000,posterior.trees,true,sample,bayesian,centuries,Honkola2013
posterior-577,STATE_3538000,posterior.trees,true,sample,bayesian,centuries,Honkola2013
posterior-578,STATE_8525000,posterior.trees,true,sample,bayesian,centuries,Honkola2013
posterior-579,STATE_7546000,posterior.trees,true,sample,bayesian,centuries,Honkola2013
posterior-580,STATE_4854000,posterior.trees,true,sample,bayesian,centuries,Honkola2013
posterior-581,STATE_8402000,posterior.trees,true,sample,bayesian,centuries,Honkola2013
posterior-582,STATE_551000,posterior.trees,true,sample,bayesian,centuries,Honkola2013
posterior-583,STATE_3337000,posterior.trees,true,sample,bayesian,centuries,Honkola2013
posterior-584,STATE_5033000,posterior.trees,true,sample,bayesian,centuries,Honkola2013
posterior-585,STATE_8564000,posterior.trees,true,sample,bayesian,centuries,Honkola2013
posterior-586,STATE_6246000,posterior.trees,true,sample,bayesian,centuries,Honkola2013
posterior-587,STATE_7993000,posterior.trees,true,sample,bayesian,centuries,Honkola2013
posterior-588,STATE_2965000,posterior.trees,true,sample,bayesian,centuries,Honkola2013
posterior-589,STATE_3338000,posterior.trees,true,sample,bayesian,centuries,Honkola2013
posterior-590,STATE_6118000,posterior.trees,true,sample,bayesian,centuries,Honkola2013
posterior-591,STATE_1388000,posterior.trees,true,sample,bayesian,centuries,Honkola2013
posterior-592,STATE_3790000,posterior.trees,true,sample,bayesian,centuries,Honkola2013
posterior-593,STATE_7289000,posterior.trees,true,sample,bayesian,centuries,Honkola2013
posterior-594,STATE_3433000,posterior.trees,true,sample,bayesian,centuries,Honkola2013
posterior-595,STATE_7950000,posterior.trees,true,sample,bayesian,centuries,Honkola2013
posterior-596,STATE_4026000,posterior.trees,true,sample,bayesian,centuries,Honkola2013
posterior-597,STATE_6012000,posterior.trees,true,sample,bayesian,centuries,Honkola2013
posterior-598,STATE_999000,posterior.trees,true,sample,bayesian,centuries,Honkola2013
posterior-599,STATE_4441000,posterior.trees,true,sample,bayesian,centuries,Honkola2013
posterior-600,STATE_6367000,posterior.trees,true,sample,bayesian,centuries,Honkola2013
posterior-601,STATE_3994000,posterior.trees,true,sample,bayesian,centuries,Honkola2013
posterior-602,STATE_9606000,posterior.trees,true,sample,bayesian,centuries,Honkola2013
posterior-603,STATE_6928000,posterior.trees,true,sample,bayesian,centuries,Honkola2013
posterior-604,STATE_6662000,posterior.trees,true,sample,bayesian,centuries,Honkola2013
posterior-605,STATE_6418000,posterior.trees,true,sample,bayesian,centuries,Honkola2013
posterior-606,STATE_7534000,posterior.trees,true,sample,bayesian,centuries,Honkola2013
posterior-607,STATE_2503000,posterior.trees,true,sample,bayesian,centuries,Honkola2013
posterior-608,STATE_5991000,posterior.trees,true,sample,bayesian,centuries,Honkola2013
posterior-609,STATE_884000,posterior.trees,true,sample,bayesian,centuries,Honkola2013
posterior-610,STATE_3389000,posterior.trees,true,sample,bayesian,centuries,Honkola2013
posterior-611,STATE_300000,posterior.trees,true,sample,bayesian,centuries,Honkola2013
posterior-612,STATE_1168000,posterior.trees,true,sample,bayesian,centuries,Honkola2013
posterior-613,STATE_9590000,posterior.trees,true,sample,bayesian,centuries,Honkola2013
posterior-614,STATE_6272000,posterior.trees,true,sample,bayesian,centuries,Honkola2013
posterior-615,STATE_9670000,posterior.trees,true,sample,bayesian,centuries,Honkola2013
posterior-616,STATE_8574000,posterior.trees,true,sample,bayesian,centuries,Honkola2013
posterior-617,STATE_7290000,posterior.trees,true,sample,bayesian,centuries,Honkola2013
posterior-618,STATE_6890000,posterior.trees,true,sample,bayesian,centuries,Honkola2013
posterior-619,STATE_9996000,posterior.trees,true,sample,bayesian,centuries,Honkola2013
posterior-620,STATE_228000,posterior.trees,true,sample,bayesian,centuries,Honkola2013
posterior-621,STATE_270000,posterior.trees,true,sample,bayesian,centuries,Honkola2013
posterior-622,STATE_1738000,posterior.trees,true,sample,bayesian,centuries,Honkola2013
posterior-623,STATE_1116000,posterior.trees,true,sample,bayesian,centuries,Honkola2013
posterior-624,STATE_7296000,posterior.trees,true,sample,bayesian,centuries,Honkola2013
posterior-625,STATE_9920000,posterior.trees,true,sample,bayesian,centuries,Honkola2013
posterior-626,STATE_7043000,posterior.trees,true,sample,bayesian,centuries,Honkola2013
posterior-627,STATE_2569000,posterior.trees,true,sample,bayesian,centuries,Honkola2013
posterior-628,STATE_2716000,posterior.trees,true,sample,bayesian,centuries,Honkola2013
posterior-629,STATE_9903000,posterior.trees,true,sample,bayesian,centuries,Honkola2013
posterior-630,STATE_8088000,posterior.trees,true,sample,bayesian,centuries,Honkola2013
posterior-631,STATE_7506000,posterior.trees,true,sample,bayesian,centuries,Honkola2013
posterior-632,STATE_9769000,posterior.trees,true,sample,bayesian,centuries,Honkola2013
posterior-633,STATE_9117000,posterior.trees,true,sample,bayesian,centuries,Honkola2013
posterior-634,STATE_3148000,posterior.trees,true,sample,bayesian,centuries,Honkola2013
posterior-635,STATE_7539000,posterior.trees,true,sample,bayesian,centuries,Honkola2013
posterior-636,STATE_1229000,posterior.trees,true,sample,bayesian,centuries,Honkola2013
posterior-637,STATE_4619000,posterior.trees,true,sample,bayesian,centuries,Honkola2013
posterior-638,STATE_6699000,posterior.trees,true,sample,bayesian,centuries,Honkola2013
posterior-639,STATE_5486000,posterior.trees,true,sample,bayesian,centuries,Honkola2013
posterior-640,STATE_4461000,posterior.trees,true,sample,bayesian,centuries,Honkola2013
posterior-641,STATE_3249000,posterior.trees,true,sample,bayesian,centuries,Honkola2013
posterior-642,STATE_1091000,posterior.trees,true,sample,bayesian,centuries,Honkola2013
posterior-643,STATE_6877000,posterior.trees,true,sample,bayesian,centuries,Honkola2013
posterior-644,STATE_5289000,posterior.trees,true,sample,bayesian,centuries,Honkola2013
posterior-645,STATE_6730000,posterior.trees,true,sample,bayesian,centuries,Honkola2013
posterior-646,STATE_2639000,posterior.trees,true,sample,bayesian,centuries,Honkola2013
posterior-647,STATE_8326000,posterior.trees,true,sample,bayesian,centuries,Honkola2013
posterior-648,STATE_6644000,posterior.trees,true,sample,bayesian,centuries,Honkola2013
posterior-649,STATE_2179000,posterior.trees,true,sample,bayesian,centuries,Honkola2013
posterior-650,STATE_1704000,posterior.trees,true,sample,bayesian,centuries,Honkola2013
posterior-651,STATE_7647000,posterior.trees,true,sample,bayesian,centuries,Honkola2013
posterior-652,STATE_8046000,posterior.trees,true,sample,bayesian,centuries,Honkola2013
posterior-653,STATE_2743000,posterior.trees,true,sample,bayesian,centuries,Honkola2013
posterior-654,STATE_768000,posterior.trees,true,sample,bayesian,centuries,Honkola2013
posterior-655,STATE_6147000,posterior.trees,true,sample,bayesian,centuries,Honkola2013
posterior-656,STATE_330000,posterior.trees,true,sample,bayesian,centuries,Honkola2013
posterior-657,STATE_8575000,posterior.trees,true,sample,bayesian,centuries,Honkola2013
posterior-658,STATE_5454000,posterior.trees,true,sample,bayesian,centuries,Honkola2013
posterior-659,STATE_5803000,posterior.trees,true,sample,bayesian,centuries,Honkola2013
posterior-660,STATE_3080000,posterior.trees,true,sample,bayesian,centuries,Honkola2013
posterior-661,STATE_1564000,posterior.trees,true,sample,bayesian,centuries,Honkola2013
posterior-662,STATE_2439000,posterior.trees,true,sample,bayesian,centuries,Honkola2013
posterior-663,STATE_6023000,posterior.trees,true,sample,bayesian,centuries,Honkola2013
posterior-664,STATE_4273000,posterior.trees,true,sample,bayesian,centuries,Honkola2013
posterior-665,STATE_1455000,posterior.trees,true,sample,bayesian,centuries,Honkola2013
posterior-666,STATE_3865000,posterior.trees,true,sample,bayesian,centuries,Honkola2013
posterior-667,STATE_1745000,posterior.trees,true,sample,bayesian,centuries,Honkola2013
posterior-668,STATE_6049000,posterior.trees,true,sample,bayesian,centuries,Honkola2013
posterior-669,STATE_7100000,posterior.trees,true,sample,bayesian,centuries,Honkola2013
posterior-670,STATE_8083000,posterior.trees,true,sample,bayesian,centuries,Honkola2013
posterior-671,STATE_1162000,posterior.trees,true,sample,bayesian,centuries,Honkola2013
posterior-672,STATE_4165000,posterior.trees,true,sample,bayesian,centuries,Honkola2013
posterior-673,STATE_3943000,posterior.trees,true,sample,bayesian,centuries,Honkola2013
posterior-674,STATE_3713000,posterior.trees,true,sample,bayesian,centuries,Honkola2013
posterior-675,STATE_2292000,posterior.trees,true,sample,bayesian,centuries,Honkola2013
posterior-676,STATE_6659000,posterior.trees,true,sample,bayesian,centuries,Honkola2013
posterior-677,STATE_5804000,posterior.trees,true,sample,bayesian,centuries,Honkola2013
posterior-678,STATE_9407000,posterior.trees,true,sample,bayesian,centuries,Honkola2013
posterior-679,STATE_5601000,posterior.trees,true,sample,bayesian,centuries,Honkola2013
posterior-680,STATE_1261000,posterior.trees,true,sample,bayesian,centuries,Honkola2013
posterior-681,STATE_1965000,posterior.trees,true,sample,bayesian,centuries,Honkola2013
posterior-682,STATE_5366000,posterior.trees,true,sample,bayesian,centuries,Honkola2013
posterior-683,STATE_1621000,posterior.trees,true,sample,bayesian,centuries,Honkola2013
posterior-684,STATE_301000,posterior.trees,true,sample,bayesian,centuries,Honkola2013
posterior-685,STATE_1309000,posterior.trees,true,sample,bayesian,centuries,Honkola2013
posterior-686,STATE_3752000,posterior.trees,true,sample,bayesian,centuries,Honkola2013
posterior-687,STATE_3662000,posterior.trees,true,sample,bayesian,centuries,Honkola2013
posterior-688,STATE_7309000,posterior.trees,true,sample,bayesian,centuries,Honkola2013
posterior-689,STATE_9192000,posterior.trees,true,sample,bayesian,centuries,Honkola2013
posterior-690,STATE_2786000,posterior.trees,true,sample,bayesian,centuries,Honkola2013
posterior-691,STATE_8092000,posterior.trees,true,sample,bayesian,centuries,Honkola2013
posterior-692,STATE_844000,posterior.trees,true,sample,bayesian,centuries,Honkola2013
posterior-693,STATE_4876000,posterior.trees,true,sample,bayesian,centuries,Honkola2013
posterior-694,STATE_3567000,posterior.trees,true,sample,bayesian,centuries,Honkola2013
posterior-695,STATE_4695000,posterior.trees,true,sample,bayesian,centuries,Honkola2013
posterior-696,STATE_7511000,posterior.trees,true,sample,bayesian,centuries,Honkola2013
posterior-697,STATE_838000,posterior.trees,true,sample,bayesian,centuries,Honkola2013
posterior-698,STATE_6461000,posterior.trees,true,sample,bayesian,centuries,Honkola2013
posterior-699,STATE_8967000,posterior.trees,true,sample,bayesian,centuries,Honkola2013
posterior-700,STATE_4684000,posterior.trees,true,sample,bayesian,centuries,Honkola2013
posterior-701,STATE_2467000,posterior.trees,true,sample,bayesian,centuries,Honkola2013
posterior-702,STATE_3257000,posterior.trees,true,sample,bayesian,centuries,Honkola2013
posterior-703,STATE_7901000,posterior.trees,true,sample,bayesian,centuries,Honkola2013
posterior-704,STATE_6655000,posterior.trees,true,sample,bayesian,centuries,Honkola2013
posterior-705,STATE_3941000,posterior.trees,true,sample,bayesian,centuries,Honkola2013
posterior-706,STATE_5828000,posterior.trees,true,sample,bayesian,centuries,Honkola2013
posterior-707,STATE_1436000,posterior.trees,true,sample,bayesian,centuries,Honkola2013
posterior-708,STATE_6517000,posterior.trees,true,sample,bayesian,centuries,Honkola2013
posterior-709,STATE_2990000,posterior.trees,true,sample,bayesian,centuries,Honkola2013
posterior-710,STATE_2911000,posterior.trees,true,sample,bayesian,centuries,Honkola2013
posterior-711,STATE_4944000,posterior.trees,true,sample,bayesian,centuries,Honkola2013
posterior-712,STATE_8616000,posterior.trees,true,sample,bayesian,centuries,Honkola2013
posterior-713,STATE_2600000,posterior.trees,true,sample,bayesian,centuries,Honkola2013
posterior-714,STATE_3419000,posterior.trees,true,sample,bayesian,centuries,Honkola2013
posterior-715,STATE_2489000,posterior.trees,true,sample,bayesian,centuries,Honkola2013
posterior-716,STATE_5755000,posterior.trees,true,sample,bayesian,centuries,Honkola2013
posterior-717,STATE_5472000,posterior.trees,true,sample,bayesian,centuries,Honkola2013
posterior-718,STATE_3209000,posterior.trees,true,sample,bayesian,centuries,Honkola2013
posterior-719,STATE_9692000,posterior.trees,true,sample,bayesian,centuries,Honkola2013
posterior-720,STATE_1749000,posterior.trees,true,sample,bayesian,centuries,Honkola2013
posterior-721,STATE_2452000,posterior.trees,true,sample,bayesian,centuries,Honkola2013
posterior-722,STATE_1635000,posterior.trees,true,sample,bayesian,centuries,Honkola2013
posterior-723,STATE_5448000,posterior.trees,true,sample,bayesian,centuries,Honkola2013
posterior-724,STATE_6723000,posterior.trees,true,sample,bayesian,centuries,Honkola2013
posterior-725,STATE_9425000,posterior.trees,true,sample,bayesian,centuries,Honkola2013
posterior-726,STATE_8294000,posterior.trees,true,sample,bayesian,centuries,Honkola2013
posterior-727,STATE_3192000,posterior.trees,true,sample,bayesian,centuries,Honkola2013
posterior-728,STATE_4372000,posterior.trees,true,sample,bayesian,centuries,Honkola2013
posterior-729,STATE_3324000,posterior.trees,true,sample,bayesian,centuries,Honkola2013
posterior-730,STATE_6454000,posterior.trees,true,sample,bayesian,centuries,Honkola2013
posterior-731,STATE_7237000,posterior.trees,true,sample,bayesian,centuries,Honkola2013
posterior-732,STATE_7106000,posterior.trees,true,sample,bayesian,centuries,Honkola2013
posterior-733,STATE_6549000,posterior.trees,true,sample,bayesian,centuries,Honkola2013
posterior-734,STATE_4568000,posterior.trees,true,sample,bayesian,centuries,Honkola2013
posterior-735,STATE_4357000,posterior.trees,true,sample,bayesian,centuries,Honkola2013
posterior-736,STATE_5513000,posterior.trees,true,sample,bayesian,centuries,Honkola2013
posterior-737,STATE_903000,posterior.trees,true,sample,bayesian,centuries,Honkola2013
posterior-738,STATE_2121000,posterior.trees,true,sample,bayesian,centuries,Honkola2013
posterior-739,STATE_1345000,posterior.trees,true,sample,bayesian,centuries,Honkola2013
posterior-740,STATE_4401000,posterior.trees,true,sample,bayesian,centuries,Honkola2013
posterior-741,STATE_1152000,posterior.trees,true,sample,bayesian,centuries,Honkola2013
posterior-742,STATE_406000,posterior.trees,true,sample,bayesian,centuries,Honkola2013
posterior-743,STATE_8956000,posterior.trees,true,sample,bayesian,centuries,Honkola2013
posterior-744,STATE_1485000,posterior.trees,true,sample,bayesian,centuries,Honkola2013
posterior-745,STATE_523000,posterior.trees,true,sample,bayesian,centuries,Honkola2013
posterior-746,STATE_3276000,posterior.trees,true,sample,bayesian,centuries,Honkola2013
posterior-747,STATE_1494000,posterior.trees,true,sample,bayesian,centuries,Honkola2013
posterior-748,STATE_7924000,posterior.trees,true,sample,bayesian,centuries,Honkola2013
posterior-749,STATE_6029000,posterior.trees,true,sample,bayesian,centuries,Honkola2013
posterior-750,STATE_1603000,posterior.trees,true,sample,bayesian,centuries,Honkola2013
posterior-751,STATE_2250000,posterior.trees,true,sample,bayesian,centuries,Honkola2013
posterior-752,STATE_5420000,posterior.trees,true,sample,bayesian,centuries,Honkola2013
posterior-753,STATE_3728000,posterior.trees,true,sample,bayesian,centuries,Honkola2013
posterior-754,STATE_6376000,posterior.trees,true,sample,bayesian,centuries,Honkola2013
posterior-755,STATE_1588000,posterior.trees,true,sample,bayesian,centuries,Honkola2013
posterior-756,STATE_7776000,posterior.trees,true,sample,bayesian,centuries,Honkola2013
posterior-757,STATE_2174000,posterior.trees,true,sample,bayesian,centuries,Honkola2013
posterior-758,STATE_8625000,posterior.trees,true,sample,bayesian,centuries,Honkola2013
posterior-759,STATE_244000,posterior.trees,true,sample,bayesian,centuries,Honkola2013
posterior-760,STATE_2413000,posterior.trees,true,sample,bayesian,centuries,Honkola2013
posterior-761,STATE_3360000,posterior.trees,true,sample,bayesian,centuries,Honkola2013
posterior-762,STATE_7774000,posterior.trees,true,sample,bayesian,centuries,Honkola2013
posterior-763,STATE_7799000,posterior.trees,true,sample,bayesian,centuries,Honkola2013
posterior-764,STATE_8257000,posterior.trees,true,sample,bayesian,centuries,Honkola2013
posterior-765,STATE_9565000,posterior.trees,true,sample,bayesian,centuries,Honkola2013
posterior-766,STATE_7057000,posterior.trees,true,sample,bayesian,centuries,Honkola2013
posterior-767,STATE_8329000,posterior.trees,true,sample,bayesian,centuries,Honkola2013
posterior-768,STATE_4872000,posterior.trees,true,sample,bayesian,centuries,Honkola2013
posterior-769,STATE_8454000,posterior.trees,true,sample,bayesian,centuries,Honkola2013
posterior-770,STATE_7012000,posterior.trees,true,sample,bayesian,centuries,Honkola2013
posterior-771,STATE_8436000,posterior.trees,true,sample,bayesian,centuries,Honkola2013
posterior-772,STATE_2884000,posterior.trees,true,sample,bayesian,centuries,Honkola2013
posterior-773,STATE_6697000,posterior.trees,true,sample,bayesian,centuries,Honkola2013
posterior-774,STATE_5071000,posterior.trees,true,sample,bayesian,centuries,Honkola2013
posterior-775,STATE_8224000,posterior.trees,true,sample,bayesian,centuries,Honkola2013
posterior-776,STATE_1683000,posterior.trees,true,sample,bayesian,centuries,Honkola2013
posterior-777,STATE_756000,posterior.trees,true,sample,bayesian,centuries,Honkola2013
posterior-778,STATE_5438000,posterior.trees,true,sample,bayesian,centuries,Honkola2013
posterior-779,STATE_7926000,posterior.trees,true,sample,bayesian,centuries,Honkola2013
posterior-780,STATE_8208000,posterior.trees,true,sample,bayesian,centuries,Honkola2013
posterior-781,STATE_7823000,posterior.trees,true,sample,bayesian,centuries,Honkola2013
posterior-782,STATE_9607000,posterior.trees,true,sample,bayesian,centuries,Honkola2013
posterior-783,STATE_4879000,posterior.trees,true,sample,bayesian,centuries,Honkola2013
posterior-784,STATE_6879000,posterior.trees,true,sample,bayesian,centuries,Honkola2013
posterior-785,STATE_3263000,posterior.trees,true,sample,bayesian,centuries,Honkola2013
posterior-786,STATE_4593000,posterior.trees,true,sample,bayesian,centuries,Honkola2013
posterior-787,STATE_4029000,posterior.trees,true,sample,bayesian,centuries,Honkola2013
posterior-788,STATE_8518000,posterior.trees,true,sample,bayesian,centuries,Honkola2013
posterior-789,STATE_284000,posterior.trees,true,sample,bayesian,centuries,Honkola2013
posterior-790,STATE_3481000,posterior.trees,true,sample,bayesian,centuries,Honkola2013
posterior-791,STATE_7768000,posterior.trees,true,sample,bayesian,centuries,Honkola2013
posterior-792,STATE_3621000,posterior.trees,true,sample,bayesian,centuries,Honkola2013
posterior-793,STATE_8148000,posterior.trees,true,sample,bayesian,centuries,Honkola2013
posterior-794,STATE_7724000,posterior.trees,true,sample,bayesian,centuries,Honkola2013
posterior-795,STATE_4265000,posterior.trees,true,sample,bayesian,centuries,Honkola2013
posterior-796,STATE_1227000,posterior.trees,true,sample,bayesian,centuries,Honkola2013
posterior-797,STATE_7342000,posterior.trees,true,sample,bayesian,centuries,Honkola2013
posterior-798,STATE_7031000,posterior.trees,true,sample,bayesian,centuries,Honkola2013
posterior-799,STATE_6120000,posterior.trees,true,sample,bayesian,centuries,Honkola2013
posterior-800,STATE_6415000,posterior.trees,true,sample,bayesian,centuries,Honkola2013
posterior-801,STATE_4675000,posterior.trees,true,sample,bayesian,centuries,Honkola2013
posterior-802,STATE_9601000,posterior.trees,true,sample,bayesian,centuries,Honkola2013
posterior-803,STATE_1445000,posterior.trees,true,sample,bayesian,centuries,Honkola2013
posterior-804,STATE_3686000,posterior.trees,true,sample,bayesian,centuries,Honkola2013
posterior-805,STATE_1877000,posterior.trees,true,sample,bayesian,centuries,Honkola2013
posterior-806,STATE_7101000,posterior.trees,true,sample,bayesian,centuries,Honkola2013
posterior-807,STATE_7740000,posterior.trees,true,sample,bayesian,centuries,Honkola2013
posterior-808,STATE_1574000,posterior.trees,true,sample,bayesian,centuries,Honkola2013
posterior-809,STATE_6134000,posterior.trees,true,sample,bayesian,centuries,Honkola2013
posterior-810,STATE_437000,posterior.trees,true,sample,bayesian,centuries,Honkola2013
posterior-811,STATE_2041000,posterior.trees,true,sample,bayesian,centuries,Honkola2013
posterior-812,STATE_717000,posterior.trees,true,sample,bayesian,centuries,Honkola2013
posterior-813,STATE_880000,posterior.trees,true,sample,bayesian,centuries,Honkola2013
posterior-814,STATE_1521000,posterior.trees,true,sample,bayesian,centuries,Honkola2013
posterior-815,STATE_4630000,posterior.trees,true,sample,bayesian,centuries,Honkola2013
posterior-816,STATE_962000,posterior.trees,true,sample,bayesian,centuries,Honkola2013
posterior-817,STATE_8131000,posterior.trees,true,sample,bayesian,centuries,Honkola2013
posterior-818,STATE_7173000,posterior.trees,true,sample,bayesian,centuries,Honkola2013
posterior-819,STATE_8241000,posterior.trees,true,sample,bayesian,centuries,Honkola2013
posterior-820,STATE_3703000,posterior.trees,true,sample,bayesian,centuries,Honkola2013
posterior-821,STATE_5905000,posterior.trees,true,sample,bayesian,centuries,Honkola2013
posterior-822,STATE_7908000,posterior.trees,true,sample,bayesian,centuries,Honkola2013
posterior-823,STATE_1825000,posterior.trees,true,sample,bayesian,centuries,Honkola2013
posterior-824,STATE_6064000,posterior.trees,true,sample,bayesian,centuries,Honkola2013
posterior-825,STATE_5064000,posterior.trees,true,sample,bayesian,centuries,Honkola2013
posterior-826,STATE_7676000,posterior.trees,true,sample,bayesian,centuries,Honkola2013
posterior-827,STATE_6933000,posterior.trees,true,sample,bayesian,centuries,Honkola2013
posterior-828,STATE_5245000,posterior.trees,true,sample,bayesian,centuries,Honkola2013
posterior-829,STATE_2454000,posterior.trees,true,sample,bayesian,centuries,Honkola2013
posterior-830,STATE_5867000,posterior.trees,true,sample,bayesian,centuries,Honkola2013
posterior-831,STATE_7500000,posterior.trees,true,sample,bayesian,centuries,Honkola2013
posterior-832,STATE_214000,posterior.trees,true,sample,bayesian,centuries,Honkola2013
posterior-833,STATE_7267000,posterior.trees,true,sample,bayesian,centuries,Honkola2013
posterior-834,STATE_6684000,posterior.trees,true,sample,bayesian,centuries,Honkola2013
posterior-835,STATE_5627000,posterior.trees,true,sample,bayesian,centuries,Honkola2013
posterior-836,STATE_7211000,posterior.trees,true,sample,bayesian,centuries,Honkola2013
posterior-837,STATE_7972000,posterior.trees,true,sample,bayesian,centuries,Honkola2013
posterior-838,STATE_2370000,posterior.trees,true,sample,bayesian,centuries,Honkola2013
posterior-839,STATE_8382000,posterior.trees,true,sample,bayesian,centuries,Honkola2013
posterior-840,STATE_621000,posterior.trees,true,sample,bayesian,centuries,Honkola2013
posterior-841,STATE_7792000,posterior.trees,true,sample,bayesian,centuries,Honkola2013
posterior-842,STATE_4189000,posterior.trees,true,sample,bayesian,centuries,Honkola2013
posterior-843,STATE_4606000,posterior.trees,true,sample,bayesian,centuries,Honkola2013
posterior-844,STATE_6230000,posterior.trees,true,sample,bayesian,centuries,Honkola2013
posterior-845,STATE_3972000,posterior.trees,true,sample,bayesian,centuries,Honkola2013
posterior-846,STATE_2013000,posterior.trees,true,sample,bayesian,centuries,Honkola2013
posterior-847,STATE_4693000,posterior.trees,true,sample,bayesian,centuries,Honkola2013
posterior-848,STATE_1816000,posterior.trees,true,sample,bayesian,centuries,Honkola2013
posterior-849,STATE_7489000,posterior.trees,true,sample,bayesian,centuries,Honkola2013
posterior-850,STATE_6776000,posterior.trees,true,sample,bayesian,centuries,Honkola2013
posterior-851,STATE_4431000,posterior.trees,true,sample,bayesian,centuries,Honkola2013
posterior-852,STATE_3476000,posterior.trees,true,sample,bayesian,centuries,Honkola2013
posterior-853,STATE_5336000,posterior.trees,true,sample,bayesian,centuries,Honkola2013
posterior-854,STATE_777000,posterior.trees,true,sample,bayesian,centuries,Honkola2013
posterior-855,STATE_6220000,posterior.trees,true,sample,bayesian,centuries,Honkola2013
posterior-856,STATE_2011000,posterior.trees,true,sample,bayesian,centuries,Honkola2013
posterior-857,STATE_3186000,posterior.trees,true,sample,bayesian,centuries,Honkola2013
posterior-858,STATE_4772000,posterior.trees,true,sample,bayesian,centuries,Honkola2013
posterior-859,STATE_4936000,posterior.trees,true,sample,bayesian,centuries,Honkola2013
posterior-860,STATE_7936000,posterior.trees,true,sample,bayesian,centuries,Honkola2013
posterior-861,STATE_5410000,posterior.trees,true,sample,bayesian,centuries,Honkola2013
posterior-862,STATE_4929000,posterior.trees,true,sample,bayesian,centuries,Honkola2013
posterior-863,STATE_3098000,posterior.trees,true,sample,bayesian,centuries,Honkola2013
posterior-864,STATE_6117000,posterior.trees,true,sample,bayesian,centuries,Honkola2013
posterior-865,STATE_7603000,posterior.trees,true,sample,bayesian,centuries,Honkola2013
posterior-866,STATE_7672000,posterior.trees,true,sample,bayesian,centuries,Honkola2013
posterior-867,STATE_6741000,posterior.trees,true,sample,bayesian,centuries,Honkola2013
posterior-868,STATE_2087000,posterior.trees,true,sample,bayesian,centuries,Honkola2013
posterior-869,STATE_8523000,posterior.trees,true,sample,bayesian,centuries,Honkola2013
posterior-870,STATE_3329000,posterior.trees,true,sample,bayesian,centuries,Honkola2013
posterior-871,STATE_3283000,posterior.trees,true,sample,bayesian,centuries,Honkola2013
posterior-872,STATE_9674000,posterior.trees,true,sample,bayesian,centuries,Honkola2013
posterior-873,STATE_2768000,posterior.trees,true,sample,bayesian,centuries,Honkola2013
posterior-874,STATE_7588000,posterior.trees,true,sample,bayesian,centuries,Honkola2013
posterior-875,STATE_2094000,posterior.trees,true,sample,bayesian,centuries,Honkola2013
posterior-876,STATE_7829000,posterior.trees,true,sample,bayesian,centuries,Honkola2013
posterior-877,STATE_3204000,posterior.trees,true,sample,bayesian,centuries,Honkola2013
posterior-878,STATE_9905000,posterior.trees,true,sample,bayesian,centuries,Honkola2013
posterior-879,STATE_2806000,posterior.trees,true,sample,bayesian,centuries,Honkola2013
posterior-880,STATE_1896000,posterior.trees,true,sample,bayesian,centuries,Honkola2013
posterior-881,STATE_8473000,posterior.trees,true,sample,bayesian,centuries,Honkola2013
posterior-882,STATE_693000,posterior.trees,true,sample,bayesian,centuries,Honkola2013
posterior-883,STATE_4644000,posterior.trees,true,sample,bayesian,centuries,Honkola2013
posterior-884,STATE_2812000,posterior.trees,true,sample,bayesian,centuries,Honkola2013
posterior-885,STATE_1813000,posterior.trees,true,sample,bayesian,centuries,Honkola2013
posterior-886,STATE_3417000,posterior.trees,true,sample,bayesian,centuries,Honkola2013
posterior-887,STATE_299000,posterior.trees,true,sample,bayesian,centuries,Honkola2013
posterior-888,STATE_2688000,posterior.trees,true,sample,bayesian,centuries,Honkola2013
posterior-889,STATE_7441000,posterior.trees,true,sample,bayesian,centuries,Honkola2013
posterior-890,STATE_2605000,posterior.trees,true,sample,bayesian,centuries,Honkola2013
posterior-891,STATE_5168000,posterior.trees,true,sample,bayesian,centuries,Honkola2013
posterior-892,STATE_6757000,posterior.trees,true,sample,bayesian,centuries,Honkola2013
posterior-893,STATE_4852000,posterior.trees,true,sample,bayesian,centuries,Honkola2013
posterior-894,STATE_7583000,posterior.trees,true,sample,bayesian,centuries,Honkola2013
posterior-895,STATE_7324000,posterior.trees,true,sample,bayesian,centuries,Honkola2013
posterior-896,STATE_2343000,posterior.trees,true,sample,bayesian,centuries,Honkola2013
posterior-897,STATE_7652000,posterior.trees,true,sample,bayesian,centuries,Honkola2013
posterior-898,STATE_7641000,posterior.trees,true,sample,bayesian,centuries,Honkola2013
posterior-899,STATE_571000,posterior.trees,true,sample,bayesian,centuries,Honkola2013
posterior-900,STATE_1332000,posterior.trees,true,sample,bayesian,centuries,Honkola2013
posterior-901,STATE_8856000,posterior.trees,true,sample,bayesian,centuries,Honkola2013
posterior-902,STATE_5731000,posterior.trees,true,sample,bayesian,centuries,Honkola2013
posterior-903,STATE_5157000,posterior.trees,true,sample,bayesian,centuries,Honkola2013
posterior-904,STATE_573000,posterior.trees,true,sample,bayesian,centuries,Honkola2013
posterior-905,STATE_5183000,posterior.trees,true,sample,bayesian,centuries,Honkola2013
posterior-906,STATE_2103000,posterior.trees,true,sample,bayesian,centuries,Honkola2013
posterior-907,STATE_3394000,posterior.trees,true,sample,bayesian,centuries,Honkola2013
posterior-908,STATE_9299000,posterior.trees,true,sample,bayesian,centuries,Honkola2013
posterior-909,STATE_2646000,posterior.trees,true,sample,bayesian,centuries,Honkola2013
posterior-910,STATE_5897000,posterior.trees,true,sample,bayesian,centuries,Honkola2013
posterior-911,STATE_7764000,posterior.trees,true,sample,bayesian,centuries,Honkola2013
posterior-912,STATE_7130000,posterior.trees,true,sample,bayesian,centuries,Honkola2013
posterior-913,STATE_795000,posterior.trees,true,sample,bayesian,centuries,Honkola2013
posterior-914,STATE_5792000,posterior.trees,true,sample,bayesian,centuries,Honkola2013
posterior-915,STATE_9285000,posterior.trees,true,sample,bayesian,centuries,Honkola2013
posterior-916,STATE_9527000,posterior.trees,true,sample,bayesian,centuries,Honkola2013
posterior-917,STATE_432000,posterior.trees,true,sample,bayesian,centuries,Honkola2013
posterior-918,STATE_8536000,posterior.trees,true,sample,bayesian,centuries,Honkola2013
posterior-919,STATE_8360000,posterior.trees,true,sample,bayesian,centuries,Honkola2013
posterior-920,STATE_3881000,posterior.trees,true,sample,bayesian,centuries,Honkola2013
posterior-921,STATE_6443000,posterior.trees,true,sample,bayesian,centuries,Honkola2013
posterior-922,STATE_5760000,posterior.trees,true,sample,bayesian,centuries,Honkola2013
posterior-923,STATE_3843000,posterior.trees,true,sample,bayesian,centuries,Honkola2013
posterior-924,STATE_1469000,posterior.trees,true,sample,bayesian,centuries,Honkola2013
posterior-925,STATE_7213000,posterior.trees,true,sample,bayesian,centuries,Honkola2013
posterior-926,STATE_9968000,posterior.trees,true,sample,bayesian,centuries,Honkola2013
posterior-927,STATE_3363000,posterior.trees,true,sample,bayesian,centuries,Honkola2013
posterior-928,STATE_2891000,posterior.trees,true,sample,bayesian,centuries,Honkola2013
posterior-929,STATE_8531000,posterior.trees,true,sample,bayesian,centuries,Honkola2013
posterior-930,STATE_7246000,posterior.trees,true,sample,bayesian,centuries,Honkola2013
posterior-931,STATE_594000,posterior.trees,true,sample,bayesian,centuries,Honkola2013
posterior-932,STATE_4081000,posterior.trees,true,sample,bayesian,centuries,Honkola2013
posterior-933,STATE_5264000,posterior.trees,true,sample,bayesian,centuries,Honkola2013
posterior-934,STATE_7409000,posterior.trees,true,sample,bayesian,centuries,Honkola2013
posterior-935,STATE_4252000,posterior.trees,true,sample,bayesian,centuries,Honkola2013
posterior-936,STATE_4807000,posterior.trees,true,sample,bayesian,centuries,Honkola2013
posterior-937,STATE_1775000,posterior.trees,true,sample,bayesian,centuries,Honkola2013
posterior-938,STATE_8331000,posterior.trees,true,sample,bayesian,centuries,Honkola2013
posterior-939,STATE_2403000,posterior.trees,true,sample,bayesian,centuries,Honkola2013
posterior-940,STATE_9638000,posterior.trees,true,sample,bayesian,centuries,Honkola2013
posterior-941,STATE_1169000,posterior.trees,true,sample,bayesian,centuries,Honkola2013
posterior-942,STATE_7937000,posterior.trees,true,sample,bayesian,centuries,Honkola2013
posterior-943,STATE_6254000,posterior.trees,true,sample,bayesian,centuries,Honkola2013
posterior-944,STATE_8994000,posterior.trees,true,sample,bayesian,centuries,Honkola2013
posterior-945,STATE_6410000,posterior.trees,true,sample,bayesian,centuries,Honkola2013
posterior-946,STATE_8871000,posterior.trees,true,sample,bayesian,centuries,Honkola2013
posterior-947,STATE_8154000,posterior.trees,true,sample,bayesian,centuries,Honkola2013
posterior-948,STATE_6771000,posterior.trees,true,sample,bayesian,centuries,Honkola2013
posterior-949,STATE_5609000,posterior.trees,true,sample,bayesian,centuries,Honkola2013
posterior-950,STATE_3851000,posterior.trees,true,sample,bayesian,centuries,Honkola2013
posterior-951,STATE_2197000,posterior.trees,true,sample,bayesian,centuries,Honkola2013
posterior-952,STATE_2072000,posterior.trees,true,sample,bayesian,centuries,Honkola2013
posterior-953,STATE_1573000,posterior.trees,true,sample,bayesian,centuries,Honkola2013
posterior-954,STATE_7227000,posterior.trees,true,sample,bayesian,centuries,Honkola2013
posterior-955,STATE_9538000,posterior.trees,true,sample,bayesian,centuries,Honkola2013
posterior-956,STATE_2853000,posterior.trees,true,sample,bayesian,centuries,Honkola2013
posterior-957,STATE_8571000,posterior.trees,true,sample,bayesian,centuries,Honkola2013
posterior-958,STATE_5596000,posterior.trees,true,sample,bayesian,centuries,Honkola2013
posterior-959,STATE_2802000,posterior.trees,true,sample,bayesian,centuries,Honkola2013
posterior-960,STATE_1177000,posterior.trees,true,sample,bayesian,centuries,Honkola2013
posterior-961,STATE_6378000,posterior.trees,true,sample,bayesian,centuries,Honkola2013
posterior-962,STATE_3140000,posterior.trees,true,sample,bayesian,centuries,Honkola2013
posterior-963,STATE_7390000,posterior.trees,true,sample,bayesian,centuries,Honkola2013
posterior-964,STATE_9470000,posterior.trees,true,sample,bayesian,centuries,Honkola2013
posterior-965,STATE_3740000,posterior.trees,true,sample,bayesian,centuries,Honkola2013
posterior-966,STATE_6844000,posterior.trees,true,sample,bayesian,centuries,Honkola2013
posterior-967,STATE_3984000,posterior.trees,true,sample,bayesian,centuries,Honkola2013
posterior-968,STATE_1403000,posterior.trees,true,sample,bayesian,centuries,Honkola2013
posterior-969,STATE_5767000,posterior.trees,true,sample,bayesian,centuries,Honkola2013
posterior-970,STATE_4682000,posterior.trees,true,sample,bayesian,centuries,Honkola2013
posterior-971,STATE_7029000,posterior.trees,true,sample,bayesian,centuries,Honkola2013
posterior-972,STATE_2514000,posterior.trees,true,sample,bayesian,centuries,Honkola2013
posterior-973,STATE_9169000,posterior.trees,true,sample,bayesian,centuries,Honkola2013
posterior-974,STATE_5831000,posterior.trees,true,sample,bayesian,centuries,Honkola2013
posterior-975,STATE_3942000,posterior.trees,true,sample,bayesian,centuries,Honkola2013
posterior-976,STATE_5993000,posterior.trees,true,sample,bayesian,centuries,Honkola2013
posterior-977,STATE_5480000,posterior.trees,true,sample,bayesian,centuries,Honkola2013
posterior-978,STATE_4287000,posterior.trees,true,sample,bayesian,centuries,Honkola2013
posterior-979,STATE_8641000,posterior.trees,true,sample,bayesian,centuries,Honkola2013
posterior-980,STATE_3219000,posterior.trees,true,sample,bayesian,centuries,Honkola2013
posterior-981,STATE_1448000,posterior.trees,true,sample,bayesian,centuries,Honkola2013
posterior-982,STATE_695000,posterior.trees,true,sample,bayesian,centuries,Honkola2013
posterior-983,STATE_4111000,posterior.trees,true,sample,bayesian,centuries,Honkola2013
posterior-984,STATE_9465000,posterior.trees,true,sample,bayesian,centuries,Honkola2013
posterior-985,STATE_9045000,posterior.trees,true,sample,bayesian,centuries,Honkola2013
posterior-986,STATE_1096000,posterior.trees,true,sample,bayesian,centuries,Honkola2013
posterior-987,STATE_5371000,posterior.trees,true,sample,bayesian,centuries,Honkola2013
posterior-988,STATE_2836000,posterior.trees,true,sample,bayesian,centuries,Honkola2013
posterior-989,STATE_5529000,posterior.trees,true,sample,bayesian,centuries,Honkola2013
posterior-990,STATE_2345000,posterior.trees,true,sample,bayesian,centuries,Honkola2013
posterior-991,STATE_2228000,posterior.trees,true,sample,bayesian,centuries,Honkola2013
posterior-992,STATE_612000,posterior.trees,true,sample,bayesian,centuries,Honkola2013
posterior-993,STATE_7000000,posterior.trees,true,sample,bayesian,centuries,Honkola2013
posterior-994,STATE_7476000,posterior.trees,true,sample,bayesian,centuries,Honkola2013
posterior-995,STATE_4896000,posterior.trees,true,sample,bayesian,centuries,Honkola2013
posterior-996,STATE_9704000,posterior.trees,true,sample,bayesian,centuries,Honkola2013
posterior-997,STATE_3352000,posterior.trees,true,sample,bayesian,centuries,Honkola2013
posterior-998,STATE_847000,posterior.trees,true,sample,bayesian,centuries,Honkola2013
posterior-999,STATE_9093000,posterior.trees,true,sample,bayesian,centuries,Honkola2013
posterior-1000,STATE_8602000,posterior.trees,true,sample,bayesian,centuries,Honkola2013
